,logistic
2023-01-01,0.5037443
2023-01-02,0.21492873
2023-01-03,0.47154066
2023-01-04,0.28659484
2023-01-05,0.63925385
2023-01-06,0.7971664
2023-01-07,0.3249417
2023-01-08,0.19675687
2023-01-09,0.36320707
2023-01-10,0.4174238
2023-01-11,0.024898889
2023-01-12,0.73898166
2023-01-13,0.7355568
2023-01-14,0.90293896
2023-01-15,0.33135468
2023-01-16,0.31734395
2023-01-17,0.6373769
2023-01-18,0.2149716
2023-01-19,0.50359887
2023-01-20,0.45078954
2023-01-21,0.54861754
2023-01-22,0.28302738
2023-01-23,0.5722211
2023-01-24,0.37391585
2023-01-25,0.3727768
2023-01-26,0.30826822
2023-01-27,1.0
2023-01-28,0.5030327
2023-01-29,0.15133923
2023-01-30,0.4163171
2023-01-31,0.36241883
2023-02-01,0.53581524
2023-02-02,0.17265308
2023-02-03,0.6956159
2023-02-04,0.9252186
2023-02-05,0.55176884
2023-02-06,0.26054153
2023-02-07,0.12410397
2023-02-08,0.5769789
2023-02-09,0.68569064
2023-02-10,0.36865833
2023-02-11,0.80612993
2023-02-12,0.6048136
2023-02-13,0.11944559
2023-02-14,0.10367197
2023-02-15,0.8136998
2023-02-16,0.0
2023-02-17,0.9276112
2023-02-18,0.90174574
2023-02-19,0.40359485
2023-02-20,0.43290806
2023-02-21,0.12104206
2023-02-22,0.5233521
2023-02-23,0.40902308
2023-02-24,0.28013515
2023-02-25,0.90044326
2023-02-26,0.6115867
2023-02-27,0.34460104
2023-02-28,0.4639971
