date,BTC_crypto,BitcoinMarkets_comments_score,BitcoinMarkets_titles_score,BitcoinMarkets_corpus_score,BitcoinMarkets_comments_count,BitcoinMarkets_titles_count
2022-01-01,0.033,0.0052254196642685866,0.1658,0.0,417,10
2022-01-02,0.022,0.0015904761904761901,0.09916666666666667,0.004666666666666667,525,12
2022-01-03,0.036,0.0017191489361702134,-0.04228571428571428,0.0,940,7
2022-01-04,0.036,0.0005418359057676686,0.2149,0.008400000000000001,1231,20
2022-01-05,0.092,0.0023893183415319764,0.16814285714285712,0.016,1423,7
2022-01-06,0.025,0.002676855895196509,0.091875,-0.0035,1374,16
2022-01-07,0.049,0.0008837689133425037,0.1762272727272727,0.005090909090909091,1454,22
2022-01-08,0.037,0.0016174418604651168,0.169625,-0.007,860,8
2022-01-09,0.032,0.00042095416276894326,0.17057142857142857,0.004,1069,14
2022-01-10,0.057,0.0012718861209964417,0.22427777777777777,0.0031111111111111114,1405,18
2022-01-11,0.038,0.003618421052631581,0.10250000000000001,0.004,1064,14
2022-01-12,0.037,0.0035258323765786467,0.20849999999999996,0.0,871,14
2022-01-13,0.042,0.0019787485242030705,0.06811111111111111,0.006222222222222223,847,9
2022-01-14,0.032,0.0036921921921921944,0.1324,0.0112,666,10
2022-01-15,0.024,0.001841409691629956,0.11916666666666668,0.0,454,12
2022-01-16,0.017,0.0008630490956072356,0.23735714285714288,0.0,387,14
2022-01-17,0.035,0.0010080000000000004,0.2640952380952381,0.005285714285714286,500,21
2022-01-18,0.027,0.0024771929824561403,0.027571428571428563,-0.008,855,7
2022-01-19,0.029,0.003222358722358723,0.12408333333333328,0.004666666666666667,814,12
2022-01-20,0.066,0.002495744680851065,0.2492941176470588,0.013176470588235295,940,17
2022-01-21,0.137,0.002722043258168432,0.022105263157894732,0.0029473684210526317,2173,19
2022-01-22,0.065,0.002147181008902078,0.20174999999999998,-0.007,1685,16
2022-01-23,0.046,0.0035674157303370803,0.22566666666666665,-0.0037333333333333333,890,15
2022-01-24,0.111,0.002248035914702582,0.07615000000000001,0.0,1782,20
2022-01-25,0.045,0.0022481662591687045,0.152875,0.0,818,16
2022-01-26,0.066,0.0019210526315789481,0.12005263157894736,0.0,874,19
2022-01-27,0.041,0.004211161387631978,0.11608333333333336,0.0,663,12
2022-01-28,0.047,0.003962305986696232,0.15354545454545454,0.0,451,11
2022-01-29,0.031,0.0014054621848739498,0.18578571428571428,-0.004,952,14
2022-01-30,0.022,0.0012446927374301676,0.15153846153846157,0.0043076923076923075,895,13
2022-01-31,0.05,0.0015826771653543311,0.06392307692307692,0.012846153846153847,1270,13
