date,BTC_crypto,CryptocurrencyMemes_comments_score,CryptocurrencyMemes_titles_score,CryptocurrencyMemes_corpus_score,wallstreetbets_comments_score,wallstreetbets_titles_score,wallstreetbets_corpus_score,Cryptocurrency_comments_score,Cryptocurrency_titles_score,Cryptocurrency_corpus_score,CryptocurrencyMemes_comments_count,CryptocurrencyMemes_titles_count,wallstreetbets_comments_count,wallstreetbets_titles_count,Cryptocurrency_comments_count,Cryptocurrency_titles_count
2022-04-01,0.0482,0.00567,0.03089,0.0057,0.00238,0.04105,0.00276,0.00371,0.0618,0.0013,98,39,35833,765,17957,770
2022-04-02,0.02704,0.00166,0.02131,-0.00198,0.00261,0.04715,0.00435,0.00372,0.09831,0.00254,67,28,17855,498,16830,767
2022-04-03,0.03638,0.00137,0.0851,-0.00265,0.00339,0.04049,0.00192,0.00377,0.08729,0.00209,81,21,16657,347,16279,691
2022-04-04,0.03342,0.00057,0.05425,0.00476,0.00348,0.0782,0.00187,0.00343,0.10903,0.0008,98,35,35443,564,18496,903
2022-04-05,0.03388,0.00198,0.11757,0.00617,0.00315,0.08637,0.00282,0.00373,0.08813,0.00185,225,27,36199,591,18263,871
2022-04-06,0.05297,-0.00132,0.17445,0.00595,0.00279,0.07731,0.00247,0.00414,0.10779,0.00223,84,28,39050,562,19566,1096
2022-04-07,0.02216,0.00065,0.11307,0.00222,0.00276,0.04196,0.00305,0.00455,0.09501,0.00167,86,25,37704,637,19600,896
2022-04-08,0.04009,0.00156,0.09391,-0.00198,0.00277,0.07632,0.00318,0.0039,0.08648,0.0021,71,28,31514,542,14311,767
2022-04-09,0.01419,0.00136,0.17182,0.01462,0.00354,0.13397,0.0022,0.0037,0.07822,0.00284,82,19,16607,328,15062,586
2022-04-10,0.03189,0.0,0.15881,-0.00529,0.00342,0.11486,0.00195,0.00452,0.07874,0.00152,55,21,16696,314,16050,583
2022-04-11,0.07468,0.00105,-0.00998,0.00309,0.00298,0.08287,0.00203,0.00445,0.07557,0.00226,53,18,34307,548,18685,738
2022-04-12,0.03086,0.00106,0.17185,0.00168,0.00304,0.05629,0.00432,0.00463,0.05647,0.00238,105,33,41974,617,21151,840
2022-04-13,0.04225,0.00238,0.09513,0.00222,0.00307,0.06948,0.00158,0.00401,0.06727,0.0031,70,25,36361,597,17588,770
2022-04-14,0.0433,0.0,0.26595,0.00231,0.00288,0.03643,0.00321,0.00334,0.0611,0.00281,109,24,37408,674,18031,750
2022-04-15,0.01866,-0.00253,0.11133,0.0,0.00282,0.03872,0.00568,0.00406,0.10236,0.00142,88,18,22847,411,18222,666
2022-04-16,0.01371,0.0016,0.15986,0.00556,0.00302,0.03615,0.00476,0.00361,0.0927,0.00238,104,10,19916,292,15146,536
2022-04-17,0.02371,0.00103,0.24497,0.0,0.00281,0.07195,0.0034,0.00342,0.09289,0.00387,108,27,24035,327,15176,660
2022-04-18,0.05686,0.00362,0.06176,0.00694,0.00239,0.06338,0.0033,0.00435,0.08065,0.00104,92,24,36020,471,20078,746
2022-04-19,0.02561,0.0,0.22106,0.00383,0.00256,0.06125,0.00521,0.00369,0.08637,0.00156,82,29,36981,544,15913,712
2022-04-20,0.02812,0.00412,0.05708,0.00439,0.00264,0.07935,0.00214,0.00314,0.09795,0.00428,108,38,50914,884,16487,662
2022-04-21,0.0691,0.00137,0.12744,-0.00253,0.00285,0.03228,0.00237,0.00326,0.10335,0.00272,81,22,48063,822,15912,736
2022-04-22,0.03644,0.00418,0.12697,0.01263,0.00269,0.03878,0.00268,0.00422,0.0839,0.00155,93,22,47085,704,16172,644
2022-04-23,0.01473,0.00347,-0.02996,-0.00309,0.00278,0.06343,0.00076,0.00377,0.07377,0.00265,96,18,32423,513,14476,567
2022-04-24,0.01551,0.0,0.2117,0.0,0.00296,0.03391,0.00033,0.00318,0.10352,0.00111,98,11,25541,334,12280,551
2022-04-25,0.05388,-0.00118,0.20994,0.00483,0.00255,0.04836,0.00338,0.00333,0.06282,0.00132,47,23,47432,755,18147,674
2022-04-26,0.07201,0.00617,0.05729,0.0,0.00226,0.03635,0.00217,0.00383,0.08145,0.00166,90,23,58919,872,14899,703
2022-04-27,0.03621,0.00141,0.10929,-0.00309,0.00245,0.01849,0.00122,0.00393,0.11233,0.00156,79,36,54748,864,14848,677
2022-04-28,0.03361,0.00136,0.16639,0.00383,0.00274,0.03468,0.0036,0.00283,0.09505,0.00314,369,29,57020,910,13907,637
2022-04-29,0.04215,-0.00033,0.15452,0.00265,0.0022,0.07432,0.00272,0.00296,0.072,0.00268,169,21,49432,756,13720,622
2022-04-30,0.02813,0.00156,-0.03829,-0.00222,0.00339,0.05769,0.00353,0.00299,0.06194,-0.00062,71,25,41602,504,12822,542
